{
  "अंबिकापुर": "सरगुजा",
  "उत्तर बस्तर कांकेर": "उत्तर बस्तर कांकेर",
  "कबीरधाम": "कबीरधाम",
  "कांकेर": "उत्तर बस्तर कांकेर",
  "कोंडागाँव": "कोंडागाँव",
  "कोंडागांव": "कोंडागाँव",
  "कोरबा": "कोरबा",
  "कोरिया": "कोरिया",
  "खैरागढ़-छुईखदान-गंडई": "खैरागढ़-छुईखदान-गंडई",
  "गरियाबंद": "गरियाबंद",
  "गौरेला-पेंड्रा-मरवाही": "गौरेला-पेण्ड्रा-मरवाही",
  "गौरेला-पेण्ड्रा-मरवाही": "गौरेला-पेण्ड्रा-मरवाही",
  "जशपुर": "जशपुर",
  "जांजगीर-चांपा": "जांजगीर-चाम्पा",
  "जांजगीर-चाम्पा": "जांजगीर-चाम्पा",
  "दक्षिण बस्तर दंतेवाडा": "दक्षिण बस्तर दंतेवाडा",
  "दुर्ग": "दुर्ग",
  "धमतरी": "धमतरी",
  "नारायणपुर": "नारायणपुर",
  "बलरामपुर": "बलरामपुर - रामानुजगंज",
  "बलरामपुर - रामानुजगंज": "बलरामपुर - रामानुजगंज",
  "बलरामपुर-रामानुजगंज": "बलरामपुर - रामानुजगंज",
  "बलोदा बाजार": "बलौदा बाज़ार - भाटापारा",
  "बलौदा बाज़ार - भाटापारा": "बलौदा बाज़ार - भाटापारा",
  "बलौदाबाजार-भाटापारा": "बलौदा बाज़ार - भाटापारा",
  "बस्तर": "बस्तर",
  "बालोद": "बालोद",
  "बिलासपुर": "बिलासपुर",
  "बीजापुर": "बीजापुर",
  "बेमेतरा": "बेमेतरा",
  "मनेंद्रगढ़-चिरमिरी-भरतपुर": "मनेंद्रगढ़-चिरमिरी-भरतपुर",
  "महासमुंद": "महासमुंद",
  "मुंगेली": "मुंगेली",
  "मोहला-मानपुर-अंबागढ़-चौकी": "मोहला-मानपुर-अंबागढ़-चौकी",
  "मोहला-मानपुर-चौकी": "मोहला-मानपुर-अंबागढ़-चौकी",
  "राजनांदगाँव": "राजनांदगाँव",
  "राजनांदगांव": "राजनांदगाँव",
  "रायगढ़": "रायगढ़",
  "रायगढ़": "रायगढ़",
  "रायपुर": "रायपुर",
  "सक्ति": "सक्ति",
  "सक्ती": "सक्ति",
  "सरगुजा": "सरगुजा",
  "सारंगढ़-बिलाईगढ़": "सारंगढ़-बिलाईगढ़",
  "सुकमा": "सुकमा",
  "सूरजपुर": "सूरजपुर"
}
